site,WTMP,DateTimeStamp
oy,-0.1553955,1/1/2018 0:36
oy,0.08236694,1/1/2018 7:54
oy,0.3191223,1/1/2018 13:54
oy,-0.1812134,1/1/2018 20:12
oy,-1.362305,1/2/2018 8:54
oy,-1.963745,1/2/2018 14:36
oy,-0.4785156,1/2/2018 21:12
oy,-1.407715,1/3/2018 9:42
oy,-0.8143921,1/3/2018 15:24
oy,-0.7100525,1/3/2018 22:06
oy,-0.2075195,1/4/2018 3:42
oy,-1.489258,1/4/2018 10:36
oy,-1.257385,1/4/2018 16:18
oy,-1.387695,1/4/2018 22:18
oy,-1.195374,1/5/2018 4:42
oy,-1.608948,1/5/2018 11:06
oy,-4.010162,1/5/2018 17:00
oy,-1.658264,1/5/2018 23:24
oy,-1.609894,1/6/2018 12:24
oy,-2.749268,1/6/2018 16:36
oy,-1.610413,1/7/2018 0:42
oy,-1.469727,1/7/2018 13:00
oy,-0.8699951,1/7/2018 18:54
oy,-1.521027,1/8/2018 1:30
oy,-0.4560547,1/8/2018 7:12
oy,-1.354492,1/8/2018 14:00
oy,0.02731323,1/8/2018 20:12
oy,-1.391602,1/9/2018 2:30
oy,0.0663147,1/9/2018 8:00
oy,-1.028015,1/9/2018 15:06
oy,-0.2089844,1/9/2018 21:00
oy,-0.7997437,1/10/2018 3:48
oy,-0.3322754,1/10/2018 8:54
oy,-0.3985596,1/10/2018 15:54
oy,-0.1758423,1/10/2018 22:06
oy,-0.4823914,1/11/2018 4:36
oy,0.1208496,1/11/2018 10:42
oy,0.5139771,1/11/2018 16:54
oy,0.6225891,1/11/2018 22:00
oy,1.017242,1/12/2018 5:24
oy,1.035706,1/12/2018 11:30
oy,1.711273,1/12/2018 17:48
oy,2.236633,1/12/2018 23:18
oy,2.821808,1/13/2018 6:00
oy,3.755585,1/13/2018 12:18
oy,3.455566,1/13/2018 19:00
oy,2.352356,1/14/2018 0:36
oy,1.993164,1/14/2018 7:00
oy,1.473846,1/14/2018 13:06
oy,2.100525,1/14/2018 19:18
oy,2.744598,1/15/2018 1:18
oy,0.870575,1/15/2018 8:06
oy,1.659576,1/15/2018 13:36
oy,1.395844,1/15/2018 20:00
oy,1.839508,1/16/2018 1:48
oy,0.9071045,1/16/2018 8:36
oy,2.298645,1/16/2018 14:06
oy,1.60202,1/16/2018 20:18
oy,2.014618,1/17/2018 2:30
oy,1.303741,1/17/2018 9:06
oy,1.833191,1/17/2018 15:42
oy,1.318359,1/17/2018 21:12
oy,0.7429504,1/18/2018 3:24
oy,0.1530151,1/18/2018 9:42
oy,1.259399,1/18/2018 15:36
oy,0.9553528,1/18/2018 21:06
oy,0.9714355,1/19/2018 3:48
oy,0.4823303,1/19/2018 10:00
oy,2.306458,1/19/2018 16:18
oy,1.626434,1/19/2018 22:24
oy,1.979492,1/20/2018 4:24
oy,1.199921,1/20/2018 10:36
oy,2.895172,1/20/2018 16:30
oy,2.4422,1/20/2018 23:12
oy,2.680573,1/21/2018 5:06
oy,2.222504,1/21/2018 11:24
oy,3.934662,1/21/2018 16:48
oy,3.473206,1/22/2018 0:00
oy,4.105072,1/22/2018 5:18
oy,3.69281,1/22/2018 12:06
oy,4.366577,1/22/2018 17:18
oy,4.370972,1/23/2018 0:36
oy,4.605255,1/23/2018 6:54
oy,4.518127,1/23/2018 12:30
oy,6.363068,1/23/2018 19:18
oy,6.34964,1/24/2018 1:18
oy,7.000458,1/24/2018 7:48
oy,5.780243,1/24/2018 13:42
oy,8.121582,1/24/2018 19:36
oy,6.20285,1/25/2018 2:12
oy,6.337189,1/25/2018 8:30
oy,6.072113,1/25/2018 14:42
oy,6.703094,1/25/2018 20:48
oy,5.562195,1/26/2018 2:54
oy,5.913696,1/26/2018 9:00
oy,5.057892,1/26/2018 15:30
oy,6.208801,1/26/2018 21:18
oy,5.29599,1/27/2018 4:18
oy,4.866943,1/27/2018 9:54
oy,5.890869,1/27/2018 16:54
oy,6.474152,1/27/2018 22:36
oy,6.165039,1/28/2018 5:30
oy,6.893921,1/28/2018 11:18
oy,6.559875,1/28/2018 18:12
oy,8.214081,1/28/2018 23:24
oy,6.243622,1/29/2018 6:36
oy,7.260895,1/29/2018 12:42
oy,6.380035,1/29/2018 18:54
oy,6.762024,1/30/2018 1:00
oy,5.671661,1/30/2018 7:30
oy,6.088501,1/30/2018 14:12
oy,5.192719,1/30/2018 19:48
oy,4.565369,1/31/2018 1:36
oy,3.244507,1/31/2018 8:24
oy,4.705231,1/31/2018 14:12
oy,3.86496,1/31/2018 20:24
oy,0.3371582,2/1/2018 2:30
oy,2.907379,2/1/2018 9:24
oy,8.176666,2/1/2018 15:00
oy,4.821564,2/1/2018 21:48
oy,4.484161,2/2/2018 3:24
oy,4.150269,2/2/2018 10:30
oy,-1.59671,2/2/2018 15:48
oy,4.158112,2/2/2018 22:54
oy,-1.162689,2/3/2018 4:12
oy,2.495422,2/3/2018 11:06
oy,0.7292786,2/3/2018 16:36
oy,2.699646,2/3/2018 23:36
oy,0.7287903,2/4/2018 5:06
oy,2.409515,2/4/2018 11:42
oy,3.186249,2/4/2018 17:24
oy,3.21463,2/5/2018 0:18
oy,3.444275,2/5/2018 6:24
oy,3.506531,2/5/2018 12:30
oy,5.071228,2/5/2018 18:42
oy,3.865936,2/6/2018 0:48
oy,4.146332,2/6/2018 7:24
oy,3.565308,2/6/2018 13:00
oy,4.306091,2/6/2018 19:06
oy,4.200867,2/7/2018 2:06
oy,4.134033,2/7/2018 8:06
oy,4.193512,2/7/2018 14:00
oy,4.293274,2/7/2018 20:30
oy,4.720032,2/8/2018 3:06
oy,5.053436,2/8/2018 8:48
oy,4.751587,2/8/2018 15:12
oy,5.352356,2/8/2018 21:30
oy,4.563416,2/9/2018 3:12
oy,5.173431,2/9/2018 9:30
oy,5.110718,2/9/2018 15:36
oy,5.976715,2/9/2018 21:30
oy,5.178864,2/10/2018 4:30
oy,5.74054,2/10/2018 10:54
oy,5.465637,2/10/2018 17:42
oy,6.270996,2/10/2018 22:30
oy,6.150146,2/11/2018 6:00
oy,7.138123,2/11/2018 12:00
oy,8.450012,2/11/2018 18:06
oy,8.676331,2/11/2018 23:36
oy,8.230774,2/12/2018 6:18
oy,9.717743,2/12/2018 13:00
oy,8.671753,2/12/2018 19:06
oy,8.960693,2/13/2018 0:48
oy,7.664276,2/13/2018 7:30
oy,7.488251,2/13/2018 13:36
oy,6.897919,2/13/2018 19:24
oy,7.357208,2/14/2018 1:18
oy,6.342651,2/14/2018 7:48
oy,7.226807,2/14/2018 13:24
oy,6.95993,2/14/2018 19:54
oy,7.181213,2/15/2018 2:06
oy,7.25589,2/15/2018 8:24
oy,8.738312,2/15/2018 13:48
oy,9.262787,2/15/2018 20:42
oy,10.13785,2/16/2018 3:00
oy,10.17654,2/16/2018 9:30
oy,10.70483,2/16/2018 15:00
oy,9.768585,2/16/2018 21:18
oy,10.38077,2/17/2018 3:00
oy,8.705811,2/17/2018 10:00
oy,9.237732,2/17/2018 16:00
oy,8.180695,2/17/2018 21:48
oy,8.496155,2/18/2018 4:18
oy,7.759888,2/18/2018 10:36
oy,9.626892,2/18/2018 16:30
oy,8.870575,2/18/2018 22:42
oy,9.107025,2/19/2018 4:12
oy,8.04126,2/19/2018 11:12
oy,8.579865,2/19/2018 16:24
oy,8.217621,2/19/2018 23:30
oy,8.431763,2/20/2018 5:12
oy,8.523041,2/20/2018 11:42
oy,10.69861,2/20/2018 17:12
oy,9.70285,2/21/2018 0:06
oy,10.67838,2/21/2018 5:36
oy,10.92285,2/21/2018 12:24
oy,13.12015,2/21/2018 18:12
oy,11.87524,2/22/2018 1:00
oy,12.96573,2/22/2018 7:00
oy,12.78174,2/22/2018 13:24
oy,13.5358,2/22/2018 18:42
oy,11.83304,2/23/2018 2:12
oy,11.8689,2/23/2018 7:48
oy,11.35696,2/23/2018 14:24
oy,12.29205,2/23/2018 20:24
oy,11.19318,2/24/2018 2:48
oy,11.81564,2/24/2018 9:00
oy,12.60037,2/24/2018 15:18
oy,13.47318,2/24/2018 21:18
oy,12.3642,2/25/2018 3:48
oy,13.09549,2/25/2018 10:30
oy,13.29376,2/25/2018 16:30
oy,14.13647,2/25/2018 21:54
oy,12.52155,2/26/2018 5:24
oy,13.52179,2/26/2018 11:24
oy,12.50189,2/26/2018 17:48
oy,13.14215,2/26/2018 23:48
oy,11.2052,2/27/2018 6:30
oy,11.75455,2/27/2018 12:00
oy,11.9808,2/27/2018 18:42
oy,11.55365,2/28/2018 0:30
oy,10.56625,2/28/2018 7:06
oy,11.51898,2/28/2018 13:12
oy,10.64825,2/28/2018 19:42
oy,10.94421,3/1/2018 1:06
oy,10.21994,3/1/2018 8:12
oy,10.97131,3/1/2018 13:42
oy,10.42993,3/1/2018 20:30
oy,10.49884,3/2/2018 2:24
oy,9.807678,3/2/2018 8:24
oy,6.03186,3/2/2018 14:24
oy,9.283752,3/2/2018 22:00
oy,7.884857,3/3/2018 3:12
oy,6.917877,3/3/2018 10:12
oy,8.142303,3/3/2018 15:48
oy,7.302032,3/3/2018 22:06
oy,7.045471,3/4/2018 4:24
oy,6.191925,3/4/2018 10:30
oy,7.923706,3/4/2018 16:48
oy,6.646179,3/4/2018 22:42
oy,6.969421,3/5/2018 5:06
oy,5.723206,3/5/2018 11:30
oy,6.925385,3/5/2018 17:06
oy,6.124268,3/5/2018 23:36
oy,6.374542,3/6/2018 6:06
oy,5.860596,3/6/2018 11:54
oy,6.641693,3/6/2018 17:48
oy,6.325226,3/7/2018 0:06
oy,6.263519,3/7/2018 7:00
oy,6.303314,3/7/2018 12:18
oy,7.14212,3/7/2018 17:18
oy,6.80246,3/7/2018 19:06
oy,6.790985,3/7/2018 19:42
oy,6.77597,3/8/2018 1:00
oy,6.901917,3/8/2018 7:18
oy,6.8909,3/8/2018 13:48
oy,7.331116,3/8/2018 20:00
oy,7.318573,3/9/2018 1:42
oy,7.422974,3/9/2018 9:00
oy,7.406891,3/9/2018 14:36
oy,7.495331,3/9/2018 20:24
oy,7.601868,3/10/2018 2:42
oy,6.813965,3/10/2018 9:30
oy,6.937897,3/10/2018 15:12
oy,7.547058,3/10/2018 21:36
oy,6.993927,3/11/2018 3:36
oy,6.922424,3/11/2018 10:12
oy,7.246368,3/11/2018 16:12
oy,7.424988,3/11/2018 22:24
oy,6.809967,3/12/2018 5:00
oy,6.736023,3/12/2018 10:54
oy,6.557404,3/12/2018 17:54
oy,5.76239,3/12/2018 22:54
oy,5.136383,3/13/2018 5:36
oy,5.680084,3/13/2018 12:12
oy,5.99115,3/13/2018 18:18
oy,6.245117,3/14/2018 0:18
oy,5.66571,3/14/2018 6:18
oy,6.637207,3/14/2018 12:54
oy,6.696625,3/14/2018 19:00
oy,6.430328,3/15/2018 0:42
oy,5.138855,3/15/2018 7:36
oy,6.682098,3/15/2018 13:48
oy,6.477142,3/15/2018 20:00
oy,6.357605,3/16/2018 1:42
oy,5.671661,3/16/2018 8:06
oy,8.470276,3/16/2018 13:48
oy,7.414948,3/16/2018 20:30
oy,7.760895,3/17/2018 2:12
oy,6.102417,3/17/2018 8:42
oy,7.955475,3/17/2018 14:00
oy,6.797974,3/17/2018 21:00
oy,6.955902,3/18/2018 3:06
oy,6.319244,3/18/2018 9:24
oy,9.288849,3/18/2018 14:48
oy,7.668274,3/18/2018 21:36
oy,8.280853,3/19/2018 3:36
oy,7.186707,3/19/2018 10:00
oy,10.04037,3/19/2018 15:42
oy,8.151886,3/19/2018 22:24
oy,8.361877,3/20/2018 4:30
oy,7.768951,3/20/2018 10:42
oy,8.171112,3/20/2018 17:00
oy,7.322083,3/20/2018 23:06
oy,7.559143,3/21/2018 5:12
oy,6.796967,3/21/2018 10:42
oy,7.097046,3/21/2018 17:12
oy,6.467682,3/22/2018 0:00
oy,6.52301,3/22/2018 6:06
oy,6.033325,3/22/2018 12:06
oy,7.82489,3/22/2018 18:06
oy,6.817444,3/23/2018 0:36
oy,6.931885,3/23/2018 7:06
oy,6.683624,3/23/2018 13:00
oy,8.854309,3/23/2018 18:36
oy,7.242371,3/24/2018 1:12
oy,7.813782,3/24/2018 7:54
oy,7.321594,3/24/2018 14:06
oy,8.800873,3/24/2018 19:42
oy,7.490784,3/25/2018 2:42
oy,8.072083,3/25/2018 9:12
oy,9.080505,3/25/2018 15:36
oy,8.978027,3/25/2018 21:00
oy,7.330109,3/26/2018 3:42
oy,7.364258,3/26/2018 10:54
oy,8.344635,3/26/2018 16:30
oy,8.227753,3/26/2018 22:36
oy,7.242371,3/27/2018 4:54
oy,8.265167,3/27/2018 11:24
oy,7.670288,3/27/2018 17:24
oy,8.581879,3/27/2018 23:24
oy,7.377808,3/28/2018 6:00
oy,9.10498,3/28/2018 12:12
oy,9.050415,3/28/2018 18:30
oy,10.59634,3/29/2018 0:24
oy,8.952057,3/29/2018 6:48
oy,11.47546,3/29/2018 13:06
oy,11.30722,3/29/2018 19:18
oy,11.71243,3/30/2018 1:12
oy,11.7988,3/30/2018 7:48
oy,13.09009,3/30/2018 13:42
oy,12.59131,3/30/2018 20:24
oy,11.94275,3/31/2018 2:18
oy,11.08817,3/31/2018 8:48
oy,15.01212,3/31/2018 14:48
oy,12.41681,3/31/2018 21:06
oy,11.80777,4/1/2018 3:06
oy,11.12735,4/1/2018 9:36
oy,12.75772,4/1/2018 15:06
oy,11.9639,4/1/2018 21:54
oy,12.59079,4/2/2018 3:48
oy,11.724,4/2/2018 10:00
oy,14.17682,4/2/2018 15:30
oy,12.2496,4/2/2018 22:18
oy,11.0094,4/3/2018 4:18
oy,10.95569,4/3/2018 10:42
oy,11.8436,4/3/2018 16:06
oy,11.96655,4/3/2018 23:12
oy,12.30478,4/4/2018 5:00
oy,12.81967,4/4/2018 5:54
oy,13.77173,4/4/2018 11:24
oy,15.04529,4/4/2018 16:48
oy,13.85849,4/5/2018 0:06
oy,11.85889,4/5/2018 6:06
oy,11.72662,4/5/2018 11:54
oy,14.96069,4/5/2018 17:48
oy,12.7326,4/6/2018 0:36
oy,12.09497,4/6/2018 6:54
oy,12.41309,4/6/2018 13:06
oy,13.47964,4/6/2018 18:12
oy,13.3002,4/6/2018 18:42
oy,13.20395,4/6/2018 19:12
oy,13.3826,4/7/2018 1:18
oy,13.09549,4/7/2018 7:24
oy,12.92664,4/7/2018 13:42
oy,12.43805,4/7/2018 20:24
oy,10.83121,4/8/2018 1:48
oy,11.44815,4/8/2018 8:30
oy,11.0506,4/8/2018 14:30
oy,11.34387,4/8/2018 21:18
oy,11.01303,4/9/2018 2:24
oy,11.03754,4/9/2018 9:24
oy,11.29205,4/9/2018 15:30
oy,11.48752,4/9/2018 21:42
oy,10.67886,4/10/2018 4:06
oy,11.49854,4/10/2018 10:54
oy,11.68399,4/10/2018 16:12
oy,12.81219,4/10/2018 22:12
oy,10.94992,4/11/2018 5:00
oy,11.34332,4/11/2018 11:00
oy,11.62408,4/11/2018 17:36
oy,12.23264,4/11/2018 23:12
oy,11.16391,4/12/2018 5:54
oy,12.47208,4/12/2018 11:42
oy,13.3772,4/12/2018 18:18
oy,12.6217,4/13/2018 0:24
oy,12.41736,4/13/2018 6:48
oy,14.45401,4/13/2018 12:18
oy,15.55249,4/13/2018 19:06
oy,15.00546,4/14/2018 0:42
oy,14.72415,4/14/2018 7:42
oy,17.16531,4/14/2018 12:48
oy,16.72211,4/14/2018 20:00
oy,17.15326,4/15/2018 1:30
oy,15.98315,4/15/2018 8:30
oy,17.94678,4/15/2018 13:48
oy,16.91095,4/15/2018 20:36
oy,17.21298,4/16/2018 2:36
oy,16.75287,4/16/2018 8:24
oy,16.99902,4/16/2018 14:24
oy,16.07993,4/16/2018 20:54
oy,16.59583,4/17/2018 3:30
oy,14.46329,4/17/2018 9:24
oy,15.3053,4/17/2018 15:36
oy,14.36639,4/17/2018 21:36
oy,13.37396,4/18/2018 4:12
oy,13.27435,4/18/2018 10:18
oy,16.33218,4/18/2018 15:54
oy,14.16266,4/18/2018 22:54
oy,14.13486,4/19/2018 4:36
oy,13.86505,4/19/2018 11:06
oy,16.04111,4/19/2018 17:00
oy,13.65906,4/19/2018 23:36
oy,12.83676,4/20/2018 6:24
oy,11.9993,4/20/2018 11:54
oy,15.94385,4/20/2018 17:42
oy,12.99731,4/21/2018 0:24
oy,13.01285,4/21/2018 6:48
oy,12.55511,4/21/2018 12:54
oy,15.34586,4/21/2018 19:12
oy,13.63742,4/22/2018 1:12
oy,13.3309,4/22/2018 7:42
oy,13.74246,4/22/2018 14:00
oy,15.6156,4/22/2018 19:36
oy,13.70776,4/23/2018 2:30
oy,13.90033,4/23/2018 8:36
oy,15.25806,4/23/2018 15:00
oy,15.04858,4/23/2018 20:54
oy,14.07599,4/24/2018 3:42
oy,13.27008,4/24/2018 10:00
oy,13.75058,4/24/2018 16:48
oy,13.84549,4/24/2018 22:36
oy,13.35944,4/25/2018 4:42
oy,14.03461,4/25/2018 11:00
oy,14.82327,4/25/2018 17:06
oy,15.02924,4/25/2018 23:18
oy,14.45837,4/26/2018 5:42
oy,15.51291,4/26/2018 11:48
oy,15.86636,4/26/2018 18:06
oy,16.72324,4/27/2018 0:18
oy,15.26361,4/27/2018 6:48
oy,17.19864,4/27/2018 12:30
oy,17.16473,4/27/2018 19:06
oy,17.90601,4/28/2018 1:18
oy,16.24686,4/28/2018 7:24
oy,20.18463,4/28/2018 13:30
oy,18.53229,4/28/2018 19:54
oy,18.54172,4/29/2018 2:06
oy,16.72324,4/29/2018 8:30
oy,18.52109,4/29/2018 14:12
oy,16.78253,4/29/2018 20:36
oy,15.51123,4/30/2018 2:54
oy,15.59995,4/30/2018 9:00
oy,16.83157,4/30/2018 14:42
oy,16.4035,4/30/2018 21:18
oy,15.74982,5/1/2018 3:06
oy,15.40482,5/1/2018 9:54
oy,17.2222,5/1/2018 15:24
oy,17.39435,5/1/2018 22:00
oy,16.69992,5/2/2018 3:48
oy,16.9653,5/2/2018 10:36
oy,19.18549,5/2/2018 16:24
oy,18.41159,5/2/2018 22:36
oy,17.81873,5/3/2018 5:06
oy,18.32346,5/3/2018 11:12
oy,20.32935,5/3/2018 16:48
oy,19.85959,5/3/2018 23:24
oy,18.99237,5/4/2018 5:24
oy,19.95352,5/4/2018 11:42
oy,21.6814,5/4/2018 16:54
oy,21.34512,5/5/2018 0:00
oy,20.46347,5/5/2018 6:24
oy,21.28076,5/5/2018 12:30
oy,20.71808,5/5/2018 18:36
oy,20.03552,5/6/2018 0:24
oy,20.01666,5/6/2018 7:06
oy,19.88141,5/6/2018 13:06
oy,19.81058,5/6/2018 19:18
oy,19.7356,5/7/2018 1:18
oy,19.7876,5/7/2018 7:48
oy,19.57462,5/7/2018 13:48
oy,19.81723,5/7/2018 20:36
oy,18.49518,5/8/2018 2:18
oy,18.23898,5/8/2018 8:30
oy,17.83035,5/8/2018 15:06
oy,18.17047,5/8/2018 21:24
oy,17.2291,5/9/2018 3:06
oy,18.26715,5/9/2018 9:36
oy,18.16403,5/9/2018 15:54
oy,18.9787,5/9/2018 22:24
oy,18.36105,5/10/2018 4:06
oy,19.95294,5/10/2018 10:12
oy,20.11581,5/10/2018 16:48
oy,20.44019,5/10/2018 22:36
oy,19.37039,5/11/2018 6:06
oy,20.50153,5/11/2018 10:42
oy,20.82797,5/11/2018 17:42
oy,21.53241,5/12/2018 0:12
oy,20.31653,5/12/2018 5:54
oy,22.354,5/12/2018 11:36
oy,22.66394,5/12/2018 18:30
oy,22.73419,5/13/2018 0:06
oy,22.33612,5/13/2018 1:12
oy,22.21423,5/13/2018 1:48
oy,21.51672,5/13/2018 6:48
oy,22.31311,5/13/2018 12:54
oy,22.09647,5/13/2018 19:12
oy,21.54056,5/14/2018 1:42
oy,20.65707,5/14/2018 7:36
oy,23.87933,5/14/2018 13:12
oy,22.53278,5/14/2018 20:00
oy,23.00333,5/15/2018 1:48
oy,21.31262,5/15/2018 8:24
oy,23.68765,5/15/2018 14:18
oy,23.22455,5/15/2018 20:48
oy,22.71869,5/16/2018 3:12
oy,22.36743,5/16/2018 9:12
oy,24.76251,5/16/2018 15:18
oy,23.30814,5/16/2018 21:42
oy,22.81229,5/17/2018 3:30
oy,22.75485,5/17/2018 10:06
oy,24.22595,5/17/2018 15:54
oy,23.25327,5/17/2018 22:24
oy,23.17307,5/18/2018 4:48
oy,22.88474,5/18/2018 10:54
oy,24.02533,5/18/2018 16:48
oy,22.99619,5/18/2018 23:24
oy,22.52893,5/19/2018 6:00
oy,22.66394,5/19/2018 11:48
oy,23.58356,5/19/2018 17:48
oy,22.81488,5/20/2018 0:12
oy,22.67166,5/20/2018 6:36
oy,23.25327,5/20/2018 12:36
oy,25.03683,5/20/2018 18:30
oy,24.41809,5/21/2018 1:12
oy,23.87073,5/21/2018 7:24
oy,24.09189,5/21/2018 13:48
oy,23.85416,5/21/2018 19:36
oy,23.06049,5/22/2018 2:06
oy,22.7142,5/22/2018 8:30
oy,23.09299,5/22/2018 14:54
oy,23.68564,5/22/2018 20:54
oy,23.46793,5/23/2018 3:06
oy,24.10718,5/23/2018 9:36
oy,24.54111,5/23/2018 15:54
oy,25.23425,5/23/2018 21:54
oy,24.04129,5/24/2018 4:18
oy,24.87228,5/24/2018 10:24
oy,25.27881,5/24/2018 17:00
oy,25.7851,5/24/2018 23:06
oy,24.2493,5/25/2018 5:24
oy,25.58636,5/25/2018 11:24
oy,25.61676,5/25/2018 17:48
oy,25.29181,5/26/2018 0:12
oy,24.4537,5/26/2018 6:30
oy,26.36691,5/26/2018 12:18
oy,26.15683,5/26/2018 19:00
oy,26.21783,5/27/2018 0:30
oy,25.38586,5/27/2018 7:12
oy,27.0527,5/27/2018 13:12
oy,26.86032,5/27/2018 19:36
oy,26.47269,5/28/2018 1:12
oy,25.52011,5/28/2018 8:12
oy,26.37396,5/28/2018 13:54
oy,25.45468,5/28/2018 20:24
oy,24.90216,5/29/2018 2:42
oy,24.4584,5/29/2018 8:30
oy,25.32269,5/29/2018 14:24
oy,24.85535,5/29/2018 21:00
oy,25.00211,5/30/2018 3:06
oy,24.45233,5/30/2018 9:12
oy,25.423,5/30/2018 15:12
oy,24.78146,5/30/2018 21:42
oy,24.73477,5/31/2018 3:30
oy,24.27808,5/31/2018 9:54
oy,25.82397,5/31/2018 15:54
oy,25.63336,5/31/2018 22:24
oy,25.53387,6/1/2018 4:18
oy,25.09412,6/1/2018 10:36
oy,26.86105,6/1/2018 16:30
oy,26.61707,6/1/2018 22:54
oy,26.69373,6/2/2018 5:12
oy,26.11127,6/2/2018 10:54
oy,28.83163,6/2/2018 17:06
oy,27.5928,6/2/2018 23:36
oy,27.56372,6/3/2018 5:42
oy,26.74207,6/3/2018 12:06
oy,27.46066,6/3/2018 17:18
oy,26.90674,6/4/2018 0:18
oy,25.63544,6/4/2018 6:30
oy,25.1221,6/4/2018 12:30
oy,25.93045,6/4/2018 18:30
oy,25.76913,6/5/2018 0:48
oy,25.04504,6/5/2018 7:36
oy,25.68594,6/5/2018 13:00
oy,26.4339,6/5/2018 19:30
oy,25.85248,6/6/2018 1:30
oy,24.99533,6/6/2018 7:54
oy,25.4278,6/6/2018 14:24
oy,25.35358,6/6/2018 20:30
oy,24.24731,6/7/2018 2:30
oy,23.84024,6/7/2018 8:54
oy,24.90759,6/7/2018 15:00
oy,25.57117,6/7/2018 21:36
oy,24.51758,6/8/2018 3:18
oy,24.86346,6/8/2018 9:42
oy,25.62991,6/8/2018 16:06
oy,25.66934,6/8/2018 22:24
oy,25.05798,6/9/2018 4:30
oy,25.7858,6/9/2018 10:42
oy,26.81256,6/9/2018 17:06
oy,26.57458,6/9/2018 23:12
oy,25.74069,6/10/2018 5:30
oy,27.2886,6/10/2018 11:30
oy,27.10941,6/10/2018 18:00
oy,27.14459,6/11/2018 0:12
oy,26.36621,6/11/2018 6:30
oy,25.43265,6/11/2018 12:12
oy,23.99142,6/11/2018 18:24
oy,22.35913,6/12/2018 1:12
oy,22.34061,6/12/2018 7:00
oy,22.38474,6/12/2018 13:00
oy,22.50006,6/12/2018 19:30
oy,22.22122,6/13/2018 1:54
oy,22.14417,6/13/2018 7:48
oy,24.62265,6/13/2018 13:30
oy,24.7084,6/13/2018 20:30
oy,24.34097,6/14/2018 2:54
oy,23.87668,6/14/2018 9:00
oy,28.00589,6/14/2018 14:30
oy,25.51804,6/14/2018 21:24
oy,25.01846,6/15/2018 3:30
oy,24.58221,6/15/2018 10:00
oy,27.67728,6/15/2018 15:48
oy,25.53943,6/15/2018 22:12
oy,24.979,6/16/2018 4:24
oy,25.31378,6/16/2018 10:42
oy,27.72028,6/16/2018 16:30
oy,25.90469,6/16/2018 23:18
oy,25.15421,6/17/2018 5:24
oy,25.42093,6/17/2018 11:30
oy,30.02698,6/17/2018 17:36
oy,26.89673,6/18/2018 0:06
oy,26.52289,6/18/2018 6:36
oy,26.92316,6/18/2018 12:42
oy,28.88278,6/18/2018 18:24
oy,27.89362,6/19/2018 1:00
oy,27.6532,6/19/2018 7:06
oy,28.48456,6/19/2018 13:42
oy,29.56943,6/19/2018 19:36
oy,28.57999,6/20/2018 2:12
oy,28.34412,6/20/2018 8:00
oy,28.97546,6/20/2018 14:30
oy,29.63391,6/20/2018 20:48
oy,28.47787,6/21/2018 3:12
oy,28.40421,6/21/2018 9:00
oy,29.67618,6/21/2018 15:30
oy,29.88516,6/21/2018 21:54
oy,28.43323,6/22/2018 4:06
oy,27.64011,6/22/2018 10:24
oy,27.13382,6/22/2018 16:36
oy,26.84033,6/22/2018 23:24
oy,26.15192,6/23/2018 5:00
oy,26.49673,6/23/2018 10:54
oy,27.78528,6/23/2018 17:36
oy,27.4252,6/23/2018 23:42
oy,26.82108,6/24/2018 5:48
oy,27.65979,6/24/2018 12:00
oy,28.67789,6/24/2018 18:24
oy,28.05521,6/25/2018 0:48
oy,27.22519,6/25/2018 7:06
oy,28.4072,6/25/2018 12:00
oy,28.52704,6/25/2018 13:00
oy,28.31964,6/25/2018 19:18
oy,27.51144,6/26/2018 1:12
oy,26.73282,6/26/2018 7:24
oy,27.62772,6/26/2018 13:18
oy,26.90027,6/26/2018 20:12
oy,25.9946,6/27/2018 2:12
oy,25.43469,6/27/2018 8:12
oy,27.55502,6/27/2018 14:12
oy,27.56955,6/27/2018 20:36
oy,26.61142,6/28/2018 2:30
oy,26.06442,6/28/2018 9:00
oy,27.56009,6/28/2018 14:42
oy,27.84012,6/28/2018 21:06
oy,27.61099,6/29/2018 3:24
oy,27.31601,6/29/2018 9:24
oy,31.60632,6/29/2018 15:30
oy,29.28836,6/29/2018 21:48
oy,28.81284,6/30/2018 3:54
oy,28.41315,6/30/2018 10:00
oy,30.81744,6/30/2018 16:24
oy,30.25284,6/30/2018 22:24
oy,29.33786,7/1/2018 4:54
oy,29.24197,7/1/2018 10:54
oy,31.73886,7/1/2018 16:30
oy,30.63379,7/1/2018 23:18
oy,29.7139,7/2/2018 5:18
oy,30.07281,7/2/2018 11:12
oy,32.11969,7/2/2018 17:12
oy,31.07953,7/2/2018 23:54
oy,30.43768,7/3/2018 5:48
oy,30.87143,7/3/2018 12:00
oy,33.56934,7/3/2018 18:12
oy,31.54712,7/4/2018 0:12
oy,30.01688,7/4/2018 6:54
oy,31.37662,7/4/2018 12:42
oy,32.55392,7/4/2018 18:48
oy,31.10031,7/5/2018 0:54
oy,30.35455,7/5/2018 7:24
oy,30.84125,7/5/2018 13:42
oy,31.81552,7/5/2018 19:36
oy,30.43219,7/6/2018 1:48
oy,29.87125,7/6/2018 7:54
oy,30.82779,7/6/2018 14:48
oy,30.39139,7/6/2018 20:12
oy,29.39429,7/7/2018 3:54
oy,27.99341,7/7/2018 9:12
oy,26.72855,7/7/2018 15:24
oy,25.83859,7/7/2018 22:06
oy,24.2226,7/8/2018 3:48
oy,24.02933,7/8/2018 9:48
oy,24.34164,7/8/2018 16:06
oy,24.49332,7/8/2018 22:48
oy,23.39581,7/9/2018 4:42
oy,24.51419,7/9/2018 10:42
oy,24.7984,7/9/2018 17:18
oy,24.92053,7/9/2018 23:30
oy,23.9715,7/10/2018 5:42
oy,25.64166,7/10/2018 11:24
oy,26.05817,7/10/2018 18:18
oy,26.23468,7/11/2018 0:18
oy,25.2692,7/11/2018 6:48
oy,27.12378,7/11/2018 12:24
oy,27.08789,7/11/2018 19:18
oy,27.12952,7/12/2018 1:18
oy,26.22977,7/12/2018 7:42
oy,28.15982,7/12/2018 13:54
oy,27.53104,7/12/2018 20:00
oy,26.95532,7/13/2018 2:36
oy,26.24942,7/13/2018 8:42
oy,28.24188,7/13/2018 14:36
oy,27.31171,7/13/2018 21:06
oy,26.00925,7/14/2018 3:18
oy,25.81635,7/14/2018 9:30
oy,29.56485,7/14/2018 15:36
oy,27.26553,7/14/2018 22:00
oy,26.60147,7/15/2018 4:12
oy,26.38098,7/15/2018 10:36
oy,28.17535,7/15/2018 16:18
oy,27.5434,7/15/2018 23:00
oy,26.95746,7/16/2018 5:06
oy,26.73352,7/16/2018 11:30
oy,28.84442,7/16/2018 17:12
oy,27.57245,7/16/2018 23:48
oy,27.02478,7/17/2018 6:12
oy,27.79404,7/17/2018 12:18
oy,29.17139,7/17/2018 18:24
oy,28.40128,7/18/2018 0:54
oy,27.72101,7/18/2018 6:48
oy,28.26627,7/18/2018 13:12
oy,29.617,7/18/2018 19:18
oy,28.13843,7/19/2018 1:24
oy,27.68018,7/19/2018 7:54
oy,28.75955,7/19/2018 14:00
oy,29.18274,7/19/2018 20:30
oy,28.233,7/20/2018 2:30
oy,27.71301,7/20/2018 8:54
oy,28.34189,7/20/2018 15:12
oy,28.39157,7/20/2018 21:30
oy,27.12231,7/21/2018 3:36
oy,26.52786,7/21/2018 10:00
oy,25.94995,7/21/2018 16:06
oy,25.65204,7/21/2018 22:30
oy,25.00143,7/22/2018 4:24
oy,25.23492,7/22/2018 10:18
oy,27.05917,7/22/2018 16:54
oy,27.03333,7/22/2018 23:30
oy,26.51724,7/23/2018 5:00
oy,26.26843,7/23/2018 11:54
oy,27.19925,7/23/2018 18:06
oy,27.004,7/24/2018 0:18
oy,26.19958,7/24/2018 6:12
oy,26.04837,7/24/2018 12:30
oy,25.80383,7/24/2018 19:00
oy,25.90533,7/25/2018 0:54
oy,25.10507,7/25/2018 7:00
oy,26.20099,7/25/2018 13:12
oy,26.47977,7/25/2018 19:18
oy,26.21783,7/26/2018 2:06
oy,25.49185,7/26/2018 7:42
oy,27.38974,7/26/2018 13:36
oy,28.01694,7/26/2018 20:00
oy,27.87601,7/27/2018 2:18
oy,26.96893,7/27/2018 8:24
oy,29.16382,7/27/2018 13:54
oy,29.41721,7/27/2018 21:06
oy,29.07593,7/28/2018 2:48
oy,27.79257,7/28/2018 9:30
oy,29.49667,7/28/2018 15:06
oy,28.51956,7/28/2018 21:18
oy,28.56354,7/29/2018 3:42
oy,27.50854,7/29/2018 10:06
oy,29.23895,7/29/2018 15:48
oy,28.47562,7/29/2018 22:18
oy,28.79559,7/30/2018 4:48
oy,27.38327,7/30/2018 10:24
oy,27.13885,7/30/2018 16:18
oy,26.35635,7/30/2018 22:36
oy,26.50595,7/31/2018 4:48
oy,26.35071,7/31/2018 11:06
oy,27.33844,7/31/2018 16:54
oy,27.45346,7/31/2018 23:18
oy,26.64191,8/1/2018 5:42
oy,26.97537,8/1/2018 11:36
oy,28.41687,8/1/2018 17:48
oy,28.02795,8/1/2018 23:48
oy,27.13596,8/2/2018 6:00
oy,27.60736,8/2/2018 12:30
oy,28.00513,8/2/2018 18:18
oy,27.63574,8/3/2018 0:48
oy,27.02118,8/3/2018 6:48
oy,28.15173,8/3/2018 13:00
oy,28.39087,8/3/2018 19:18
oy,27.64011,8/4/2018 1:30
oy,26.92673,8/4/2018 7:00
oy,28.13773,8/4/2018 14:18
oy,28.69962,8/4/2018 20:00
oy,28.34631,8/5/2018 2:12
oy,27.82697,8/5/2018 8:24
oy,29.12439,8/5/2018 14:54
oy,29.58939,8/5/2018 21:06
oy,28.69662,8/6/2018 3:18
oy,28.90912,8/6/2018 9:18
oy,29.54108,8/6/2018 15:48
oy,29.41794,8/6/2018 22:12
oy,28.29221,8/7/2018 4:12
oy,29.43475,8/7/2018 10:30
oy,29.54413,8/7/2018 16:54
oy,29.51733,8/7/2018 23:30
oy,28.65094,8/8/2018 5:36
oy,29.47754,8/8/2018 11:06
oy,29.76935,8/8/2018 18:06
oy,29.77628,8/9/2018 0:24
oy,28.6106,8/9/2018 6:12
oy,30.24582,8/9/2018 12:24
oy,29.39658,8/9/2018 19:12
oy,29.43246,8/10/2018 0:54
oy,28.15027,8/10/2018 7:24
oy,30.67804,8/10/2018 13:36
oy,29.5687,8/10/2018 20:00
oy,29.11758,8/11/2018 2:18
oy,28.28629,8/11/2018 8:24
oy,30.86829,8/11/2018 14:12
oy,28.84442,8/11/2018 20:54
oy,28.28925,8/12/2018 2:48
oy,27.70862,8/12/2018 9:30
oy,30.18024,8/12/2018 15:18
oy,28.74377,8/12/2018 21:54
oy,28.01544,8/13/2018 4:06
oy,27.81451,8/13/2018 10:12
oy,29.01245,8/13/2018 16:18
oy,28.31519,8/13/2018 22:30
oy,27.14606,8/14/2018 4:42
oy,27.31171,8/14/2018 11:00
oy,29.05176,8/14/2018 17:06
oy,28.36264,8/14/2018 23:36
oy,27.45633,8/15/2018 5:24
oy,28.05737,8/15/2018 12:00
oy,29.34244,8/15/2018 18:00
oy,28.95282,8/16/2018 0:30
oy,27.94052,8/16/2018 6:24
oy,28.97546,8/16/2018 12:48
oy,30.27081,8/16/2018 18:36
oy,29.32034,8/17/2018 1:18
oy,28.57028,8/17/2018 7:12
oy,29.71078,8/17/2018 13:42
oy,30.55649,8/17/2018 20:18
oy,29.81561,8/18/2018 2:00
oy,29.1153,8/18/2018 8:00
oy,29.68155,8/18/2018 14:48
oy,29.3226,8/18/2018 20:54
oy,28.78357,8/19/2018 2:18
oy,28.51733,8/19/2018 9:36
oy,29.42484,8/19/2018 15:30
oy,29.58093,8/19/2018 22:00
oy,28.67041,8/20/2018 4:00
oy,28.32333,8/20/2018 9:54
oy,28.63376,8/20/2018 17:00
oy,29.34702,8/20/2018 22:42
oy,28.05005,8/21/2018 5:12
oy,28.5524,8/21/2018 11:12
oy,28.77606,8/21/2018 17:30
oy,28.45181,8/21/2018 23:30
oy,27.44257,8/22/2018 5:36
oy,27.99637,8/22/2018 11:42
oy,28.59189,8/22/2018 18:24
oy,28.20193,8/23/2018 0:42
oy,27.18558,8/23/2018 6:30
oy,27.79843,8/23/2018 12:30
oy,27.24823,8/23/2018 19:18
oy,26.31903,8/24/2018 1:18
oy,25.5484,8/24/2018 7:18
oy,27.93466,8/24/2018 13:30
oy,26.73212,8/24/2018 20:00
oy,26.51443,8/25/2018 1:48
oy,25.33298,8/25/2018 8:00
oy,27.81818,8/25/2018 13:54
oy,26.68451,8/25/2018 20:24
oy,26.82108,8/26/2018 2:42
oy,25.88937,8/26/2018 8:42
oy,28.12888,8/26/2018 14:48
oy,27.66196,8/26/2018 21:00
oy,27.05988,8/27/2018 3:00
oy,26.56113,8/27/2018 9:18
oy,28.54642,8/27/2018 15:12
oy,28.36414,8/27/2018 21:42
oy,28.01987,8/28/2018 3:36
oy,27.63647,8/28/2018 9:54
oy,30.13116,8/28/2018 16:00
oy,29.18729,8/28/2018 22:24
oy,28.63525,8/29/2018 4:24
oy,28.37305,8/29/2018 10:42
oy,29.90759,8/29/2018 16:42
oy,29.56256,8/29/2018 22:54
oy,28.92496,8/30/2018 4:48
oy,28.83466,8/30/2018 11:18
oy,30.21304,8/30/2018 16:42
oy,29.67389,8/30/2018 23:06
oy,28.26187,8/31/2018 5:36
oy,29.12439,8/31/2018 12:00
oy,30.37885,8/31/2018 17:54
oy,29.78629,9/1/2018 0:12
oy,29.55869,9/1/2018 6:18
oy,29.4982,9/1/2018 12:24
oy,30.79681,9/1/2018 18:54
oy,30.06116,9/2/2018 0:48
oy,28.91138,9/2/2018 7:18
oy,29.77859,9/2/2018 13:30
oy,30.96057,9/2/2018 20:00
oy,29.64005,9/3/2018 1:42
oy,29.44852,9/3/2018 8:12
oy,30.70172,9/3/2018 14:24
oy,30.85239,9/3/2018 20:54
oy,29.96027,9/4/2018 2:42
oy,29.47067,9/4/2018 9:12
oy,30.78174,9/4/2018 15:12
oy,31.31537,9/4/2018 22:00
oy,30.20129,9/5/2018 4:06
oy,30.1857,9/5/2018 10:06
oy,31.22934,9/5/2018 16:48
oy,31.06836,9/5/2018 22:48
oy,29.95407,9/6/2018 5:12
oy,30.53833,9/6/2018 11:12
oy,30.89771,9/6/2018 17:48
oy,30.12494,9/7/2018 0:06
oy,29.57944,9/7/2018 6:06
oy,30.83887,9/7/2018 12:12
oy,30.95581,9/7/2018 18:48
oy,30.06192,9/8/2018 1:06
oy,29.38284,9/8/2018 7:06
oy,30.58405,9/8/2018 13:06
oy,29.55029,9/8/2018 19:48
oy,28.46445,9/9/2018 2:12
oy,27.19205,9/9/2018 7:54
oy,26.98395,9/9/2018 14:24
oy,26.69302,9/9/2018 20:30
oy,26.66962,9/10/2018 3:12
oy,25.94995,9/10/2018 8:54
oy,27.60443,9/10/2018 15:12
oy,27.30811,9/10/2018 21:12
oy,27.44113,9/11/2018 3:54
oy,26.99396,9/11/2018 9:48
oy,28.70932,9/11/2018 16:00
oy,28.60089,9/11/2018 22:00
oy,28.72809,9/12/2018 4:24
oy,28.19601,9/12/2018 10:30
oy,30.53442,9/12/2018 16:54
oy,28.94003,9/12/2018 23:12
oy,27.94861,9/13/2018 5:24
oy,27.81525,9/13/2018 11:30
oy,27.79257,9/13/2018 17:54
oy,26.85248,9/13/2018 23:36
oy,26.45929,9/14/2018 6:18
oy,25.96811,9/14/2018 11:54
oy,25.93671,9/14/2018 18:42
oy,25.63403,9/15/2018 0:18
oy,25.2966,9/15/2018 6:24
oy,25.55255,9/15/2018 12:54
oy,25.59122,9/15/2018 19:24
oy,25.15219,9/16/2018 0:42
oy,24.84921,9/16/2018 7:36
oy,25.83578,9/16/2018 13:30
oy,26.39368,9/16/2018 20:24
oy,25.87198,9/17/2018 1:30
oy,25.8497,9/17/2018 8:00
oy,26.27682,9/17/2018 14:30
oy,26.21085,9/17/2018 21:06
oy,25.8782,9/18/2018 3:00
oy,26.17715,9/18/2018 9:00
oy,27.09863,9/18/2018 15:36
oy,26.63977,9/18/2018 21:18
oy,26.12457,9/19/2018 4:18
oy,26.33102,9/19/2018 9:48
oy,27.00327,9/19/2018 16:24
oy,27.06921,9/19/2018 22:48
oy,26.1337,9/20/2018 4:48
oy,26.28036,9/20/2018 11:00
oy,26.60718,9/20/2018 17:36
oy,26.33591,9/20/2018 23:42
oy,25.2048,9/21/2018 5:36
oy,25.96671,9/21/2018 12:06
oy,26.53989,9/21/2018 17:48
oy,25.73651,9/22/2018 0:24
oy,25.02869,9/22/2018 6:18
oy,26.55688,9/22/2018 12:18
oy,26.14212,9/22/2018 19:06
oy,25.50217,9/23/2018 1:18
oy,25.11938,9/23/2018 7:12
oy,25.91721,9/23/2018 13:12
oy,25.55048,9/23/2018 19:30
oy,25.37347,9/24/2018 1:42
oy,25.11325,9/24/2018 8:06
oy,24.74088,9/24/2018 14:12
oy,24.34235,9/24/2018 20:06
oy,24.22595,9/25/2018 2:24
oy,23.67642,9/25/2018 8:30
oy,25.55048,9/25/2018 15:12
oy,25.3577,9/25/2018 20:42
oy,25.43741,9/26/2018 2:54
oy,24.91101,9/26/2018 9:06
oy,26.2916,9/26/2018 15:24
oy,26.36761,9/26/2018 21:18
oy,26.27261,9/27/2018 3:18
oy,25.63129,9/27/2018 9:54
oy,25.15353,9/27/2018 15:48
oy,24.86551,9/27/2018 22:00
oy,24.74155,9/28/2018 4:00
oy,24.56805,9/28/2018 10:24
oy,25.31653,9/28/2018 16:24
oy,24.53503,9/28/2018 22:42
oy,23.4548,9/29/2018 5:00
oy,23.9483,9/29/2018 10:54
oy,25.18634,9/29/2018 17:18
oy,24.79498,9/29/2018 23:30
oy,23.6033,9/30/2018 5:24
oy,24.2908,9/30/2018 11:54
oy,25.18704,9/30/2018 18:12
oy,24.57883,10/1/2018 0:12
oy,23.45679,10/1/2018 6:30
oy,24.68811,10/1/2018 12:54
oy,25.13919,10/1/2018 19:42
oy,24.62805,10/2/2018 1:12
oy,23.85947,10/2/2018 7:00
oy,25.17267,10/2/2018 13:48
oy,25.23972,10/2/2018 20:24
oy,24.76727,10/3/2018 2:18
oy,24.37515,10/3/2018 8:12
oy,25.73584,10/3/2018 15:06
oy,25.70743,10/3/2018 21:42
oy,25.48358,10/4/2018 3:30
oy,25.32544,10/4/2018 9:24
oy,26.39581,10/4/2018 16:12
oy,26.34439,10/4/2018 22:24
oy,25.8407,10/5/2018 4:48
oy,26.43457,10/5/2018 10:42
oy,25.93393,10/5/2018 17:30
oy,25.88379,10/5/2018 23:36
oy,25.23425,10/6/2018 5:36
oy,25.90533,10/6/2018 11:54
oy,25.67764,10/6/2018 18:12
oy,25.53323,10/7/2018 0:24
oy,24.81061,10/7/2018 6:36
oy,26.22208,10/7/2018 12:18
oy,26.36972,10/7/2018 19:00
oy,26.61426,10/8/2018 1:24
oy,25.40033,10/8/2018 7:36
oy,27.19205,10/8/2018 13:24
oy,26.19681,10/8/2018 20:00
oy,26.04208,10/9/2018 2:06
oy,25.47256,10/9/2018 8:24
oy,27.75534,10/9/2018 14:30
oy,26.42117,10/9/2018 20:42
oy,26.12601,10/10/2018 2:48
oy,25.50491,10/10/2018 9:06
oy,27.72684,10/10/2018 15:24
oy,26.43881,10/10/2018 21:18
oy,26.36691,10/11/2018 3:48
oy,25.77332,10/11/2018 10:06
oy,27.30594,10/11/2018 16:00
oy,26.04483,10/11/2018 22:00
oy,24.83023,10/12/2018 4:00
oy,24.05792,10/12/2018 11:06
oy,24.32693,10/12/2018 17:00
oy,23.39716,10/12/2018 23:12
oy,22.44363,10/13/2018 5:12
oy,22.0412,10/13/2018 11:18
oy,22.60861,10/13/2018 17:54
oy,21.22339,10/13/2018 23:24
oy,20.72424,10/14/2018 5:48
oy,20.1207,10/14/2018 12:12
oy,20.82672,10/14/2018 18:12
oy,20.22552,10/15/2018 0:24
oy,20.21088,10/15/2018 7:00
oy,20.57889,10/15/2018 12:42
oy,21.38324,10/15/2018 19:48
oy,21.39954,10/16/2018 0:54
oy,21.08023,10/16/2018 7:24
oy,20.58078,10/16/2018 14:06
oy,20.6503,10/16/2018 20:24
oy,20.20599,10/17/2018 1:30
oy,20.40158,10/17/2018 8:42
oy,20.46039,10/17/2018 14:48
oy,20.12979,10/17/2018 21:12
oy,19.4718,10/18/2018 4:12
oy,18.75677,10/18/2018 9:24
oy,18.64145,10/18/2018 16:00
oy,17.92349,10/18/2018 22:06
oy,17.58786,10/19/2018 4:06
oy,17.40646,10/19/2018 9:48
oy,18.45514,10/19/2018 16:42
oy,17.6377,10/19/2018 22:54
oy,17.41513,10/20/2018 4:48
oy,17.67245,10/20/2018 11:24
oy,17.67075,10/20/2018 17:48
oy,17.35919,10/20/2018 23:48
oy,16.40067,10/21/2018 6:30
oy,16.05066,10/21/2018 11:48
oy,16.11371,10/21/2018 12:24
oy,15.96069,10/21/2018 18:24
oy,15.20093,10/22/2018 0:30
oy,14.33578,10/22/2018 6:18
oy,15.40317,10/22/2018 12:48
oy,15.46439,10/22/2018 18:54
oy,14.79959,10/23/2018 1:06
oy,14.21722,10/23/2018 7:06
oy,14.99271,10/23/2018 12:54
oy,15.45547,10/23/2018 19:30
oy,15.2431,10/24/2018 1:24
oy,14.23358,10/24/2018 7:54
oy,15.20313,10/24/2018 14:12
oy,14.7963,10/24/2018 20:12
oy,13.9726,10/25/2018 2:18
oy,13.49261,10/25/2018 8:42
oy,14.57849,10/25/2018 14:54
oy,14.15936,10/25/2018 21:12
oy,13.3912,10/26/2018 2:36
oy,13.3772,10/26/2018 9:36
oy,13.26685,10/26/2018 15:36
oy,13.38477,10/26/2018 22:24
oy,13.58768,10/27/2018 3:48
oy,13.83246,10/27/2018 9:48
oy,14.04169,10/27/2018 16:18
oy,13.7804,10/27/2018 22:24
oy,13.6434,10/28/2018 4:12
oy,13.58929,10/28/2018 10:36
oy,14.50607,10/28/2018 16:54
oy,14.44415,10/28/2018 23:12
oy,13.97366,10/29/2018 4:48
oy,14.20737,10/29/2018 11:42
oy,14.59387,10/29/2018 18:12
oy,14.31281,10/30/2018 0:18
oy,13.30826,10/30/2018 5:54
oy,14.00085,10/30/2018 12:42
oy,14.48636,10/30/2018 19:00
oy,14.46552,10/31/2018 1:06
oy,13.48291,10/31/2018 7:06
oy,14.60043,10/31/2018 13:48
oy,14.8895,10/31/2018 20:12
oy,14.59003,11/1/2018 2:00
oy,14.5527,11/1/2018 8:06
oy,16.00903,11/1/2018 14:48
oy,16.16559,11/1/2018 21:24
oy,16.47717,11/2/2018 3:24
oy,16.66345,11/2/2018 9:06
oy,17.04715,11/2/2018 16:06
oy,17.20322,11/2/2018 21:36
oy,17.10736,11/3/2018 4:36
oy,17.3465,11/3/2018 10:42
oy,17.19,11/3/2018 17:00
oy,16.22595,11/3/2018 22:54
oy,15.909,11/4/2018 5:36
oy,16.28583,11/4/2018 11:42
oy,16.1171,11/4/2018 18:06
oy,15.31918,11/5/2018 0:18
oy,15.47946,11/5/2018 6:54
oy,15.88208,11/5/2018 13:06
oy,16.32709,11/5/2018 18:54
oy,16.46866,11/6/2018 0:42
oy,16.2316,11/6/2018 7:06
oy,18.08508,11/6/2018 13:30
oy,17.43417,11/6/2018 19:30
oy,17.22159,11/7/2018 1:42
oy,16.72552,11/7/2018 8:18
oy,18.21442,11/7/2018 14:18
oy,17.62958,11/7/2018 20:24
oy,17.75598,11/8/2018 2:24
oy,17.06549,11/8/2018 9:18
oy,17.23425,11/8/2018 14:48
oy,16.61115,11/8/2018 21:00
oy,16.12216,11/9/2018 2:48
oy,15.51736,11/9/2018 9:30
oy,15.67706,11/9/2018 16:06
oy,15.52237,11/9/2018 21:18
oy,15.43042,11/10/2018 3:42
oy,15.05743,11/10/2018 10:12
oy,15.45438,11/10/2018 16:18
oy,14.31116,11/10/2018 22:36
oy,14.49893,11/11/2018 4:24
oy,12.93146,11/11/2018 10:48
oy,14.00198,11/11/2018 16:48
oy,13.1572,11/11/2018 23:18
oy,11.72241,11/12/2018 5:06
oy,12.26871,11/12/2018 11:36
oy,12.9379,11/12/2018 17:42
oy,12.83514,11/13/2018 0:00
oy,12.95715,11/13/2018 6:42
oy,13.2421,11/13/2018 12:24
oy,13.63852,11/13/2018 19:00
oy,12.99573,11/14/2018 0:54
oy,12.57642,11/14/2018 7:00
oy,11.88632,11/14/2018 13:12
oy,12.57263,11/14/2018 19:36
oy,10.67886,11/15/2018 1:48
oy,10.79739,11/15/2018 6:42
oy,10.20599,11/15/2018 13:36
oy,10.64462,11/15/2018 21:42
oy,10.56677,11/16/2018 2:12
oy,9.858612,11/16/2018 7:06
oy,10.70538,11/16/2018 14:36
oy,10.71005,11/16/2018 21:30
oy,10.39575,11/17/2018 2:54
oy,10.45013,11/17/2018 3:24
oy,10.49261,11/17/2018 4:18
oy,10.10226,11/17/2018 9:42
oy,10.69394,11/17/2018 15:48
oy,11.24493,11/17/2018 21:42
oy,10.33728,11/18/2018 4:24
oy,10.44598,11/18/2018 10:42
oy,10.99792,11/18/2018 16:48
oy,11.35175,11/18/2018 22:48
oy,10.35178,11/19/2018 5:18
oy,10.84787,11/19/2018 11:30
oy,10.7402,11/19/2018 18:00
oy,10.99896,11/19/2018 23:30
oy,10.6441,11/20/2018 5:54
oy,10.98746,11/20/2018 12:12
oy,11.39468,11/20/2018 18:06
oy,11.63983,11/21/2018 0:06
oy,10.3678,11/21/2018 6:36
oy,11.0939,11/21/2018 12:48
oy,10.85931,11/21/2018 19:00
oy,10.38281,11/22/2018 1:00
oy,9.75061,11/22/2018 7:42
oy,9.861145,11/22/2018 14:06
oy,9.42392,11/22/2018 19:54
oy,8.042786,11/23/2018 1:42
oy,7.354706,11/23/2018 8:18
oy,7.357208,11/23/2018 14:30
oy,7.551086,11/23/2018 20:36
oy,7.144653,11/24/2018 2:18
oy,7.230804,11/24/2018 9:18
oy,8.176666,11/24/2018 15:36
oy,8.130188,11/24/2018 20:48
oy,8.16452,11/25/2018 3:30
oy,8.04126,11/25/2018 9:36
oy,8.919952,11/25/2018 15:54
oy,9.028503,11/25/2018 22:30
oy,9.20813,11/26/2018 4:18
oy,9.039703,11/26/2018 10:36
oy,9.354309,11/26/2018 17:06
oy,9.611481,11/26/2018 23:06
oy,9.287323,11/27/2018 5:00
oy,8.933197,11/27/2018 11:30
oy,9.602783,11/27/2018 17:48
oy,9.21167,11/27/2018 23:54
oy,8.750031,11/28/2018 6:24
oy,7.883331,11/28/2018 12:30
oy,7.904022,11/28/2018 18:48
oy,7.426483,11/29/2018 1:18
oy,6.263519,11/29/2018 7:06
oy,6.847931,11/29/2018 13:30
oy,7.138611,11/29/2018 20:06
oy,6.956421,11/30/2018 2:00
oy,6.900909,11/30/2018 8:00
oy,7.099548,11/30/2018 14:36
oy,7.378296,11/30/2018 21:00
oy,7.418457,12/1/2018 3:24
oy,7.644135,12/1/2018 9:24
oy,7.514923,12/1/2018 15:54
oy,7.826385,12/1/2018 21:54
oy,8.033173,12/2/2018 4:30
oy,8.258575,12/2/2018 10:48
oy,8.92099,12/2/2018 16:54
oy,9.354309,12/2/2018 23:06
oy,9.451019,12/3/2018 5:06
oy,9.799957,12/3/2018 11:36
oy,10.14352,12/3/2018 17:42
oy,10.45996,12/3/2018 23:30
oy,9.585327,12/4/2018 6:06
oy,9.499207,12/4/2018 12:24
oy,9.217316,12/4/2018 18:36
oy,9.797394,12/5/2018 0:30
oy,8.391724,12/5/2018 7:06
oy,8.980591,12/5/2018 13:00
oy,8.496155,12/5/2018 19:12
oy,7.952972,12/6/2018 1:30
oy,7.248352,12/6/2018 7:48
oy,7.829926,12/6/2018 14:18
oy,7.514923,12/6/2018 19:54
oy,7.591309,12/7/2018 1:48
oy,6.909393,12/7/2018 8:48
oy,8.195374,12/7/2018 14:36
oy,7.54306,12/7/2018 21:06
oy,7.334625,12/8/2018 2:18
oy,6.38797,12/8/2018 9:18
oy,7.667267,12/8/2018 15:06
oy,6.843933,12/8/2018 21:42
oy,6.684113,12/9/2018 3:00
oy,5.829315,12/9/2018 9:54
oy,5.738586,12/9/2018 16:00
oy,5.184814,12/9/2018 22:18
oy,5.17691,12/10/2018 3:54
oy,4.945343,12/10/2018 10:24
oy,5.115143,12/10/2018 16:42
oy,4.799866,12/10/2018 23:00
oy,4.927582,12/11/2018 5:00
oy,4.567352,12/11/2018 10:48
oy,5.468628,12/11/2018 17:36
oy,5.003601,12/11/2018 23:00
oy,5.187775,12/12/2018 5:30
oy,4.602783,12/12/2018 12:06
oy,5.532471,12/12/2018 17:36
oy,5.237183,12/13/2018 0:06
oy,5.380066,12/13/2018 6:00
oy,5.167023,12/13/2018 12:30
oy,5.620636,12/13/2018 19:00
oy,5.731628,12/14/2018 1:18
oy,5.909729,12/14/2018 7:12
oy,5.707367,12/14/2018 13:24
oy,6.181458,12/14/2018 20:00
oy,6.274506,12/15/2018 1:30
oy,6.582336,12/15/2018 8:12
oy,6.852936,12/15/2018 14:12
oy,7.151642,12/15/2018 20:12
oy,6.946899,12/16/2018 2:06
oy,7.058502,12/16/2018 8:24
oy,7.285004,12/16/2018 14:30
oy,7.483246,12/16/2018 20:54
oy,7.405396,12/17/2018 4:06
oy,7.465149,12/17/2018 9:42
oy,7.819855,12/17/2018 15:36
oy,8.005951,12/17/2018 21:54
oy,7.533997,12/18/2018 4:24
oy,7.446594,12/18/2018 11:06
oy,7.317596,12/18/2018 17:06
oy,7.817841,12/18/2018 22:24
oy,6.775482,12/19/2018 5:06
oy,7.062012,12/19/2018 11:12
oy,6.979462,12/19/2018 17:48
oy,7.41095,12/19/2018 23:36
oy,6.620239,12/20/2018 6:12
oy,7.207275,12/20/2018 12:54
oy,7.299011,12/20/2018 18:54
oy,8.256073,12/21/2018 0:42
oy,8.616394,12/21/2018 7:12
oy,9.444397,12/21/2018 13:00
oy,9.592529,12/21/2018 19:24
oy,9.647919,12/22/2018 1:30
oy,9.186646,12/22/2018 8:12
oy,9.961029,12/22/2018 13:54
oy,9.694641,12/22/2018 20:18
oy,8.725616,12/23/2018 1:42
oy,8.748993,12/23/2018 8:48
oy,9.570465,12/23/2018 14:48
oy,9.286316,12/23/2018 21:00
oy,8.575287,12/24/2018 2:42
oy,8.622009,12/24/2018 9:48
oy,9.81076,12/24/2018 15:42
oy,8.996368,12/24/2018 21:54
oy,8.282379,12/25/2018 3:42
oy,8.067017,12/25/2018 10:30
oy,8.809509,12/25/2018 16:42
oy,8.153931,12/25/2018 23:00
oy,8.125122,12/26/2018 4:36
oy,7.367767,12/26/2018 11:18
oy,8.313263,12/26/2018 17:42
oy,7.79364,12/26/2018 23:42
oy,7.057983,12/27/2018 5:36
oy,7.037445,12/27/2018 12:12
oy,7.946381,12/27/2018 18:18
oy,7.796661,12/28/2018 0:42
oy,7.854614,12/28/2018 7:00
oy,8.628571,12/28/2018 13:06
oy,9.190765,12/28/2018 19:18
oy,9.180023,12/29/2018 1:48
oy,9.25,12/29/2018 7:30
oy,9.771698,12/29/2018 14:00
oy,11.09705,12/29/2018 19:54
oy,9.738312,12/30/2018 2:36
oy,9.908508,12/30/2018 8:24
oy,9.649475,12/30/2018 15:18
oy,10.02441,12/30/2018 21:12
oy,9.401886,12/31/2018 4:06
oy,9.569427,12/31/2018 10:18
oy,9.363525,12/31/2018 16:24
oy,9.520752,12/31/2018 22:24
oy,9.769653,12/31/2018 23:54
